{"accuracy": [0.28812500834465027, 0.47562500834465027, 0.5181249976158142, 0.5537499785423279, 0.5712500214576721, 0.6025000214576721, 0.6156250238418579, 0.6449999809265137, 0.6306250095367432, 0.6508196592330933], "loss": [3.6834375858306885, 2.3653485774993896, 2.218852996826172, 2.0377869606018066, 1.9843356609344482, 1.8687394857406616, 1.8010205030441284, 1.7147616147994995, 1.709962010383606, 1.6150503158569336], "val_accuracy": [0.42124998569488525, 0.4962500035762787, 0.5375000238418579, 0.5924999713897705, 0.59375, 0.6324999928474426, 0.6349999904632568, 0.612500011920929, 0.6387500166893005, 0.6587499976158142], "val_loss": [2.5569634437561035, 2.2657721042633057, 2.0342214107513428, 1.8865177631378174, 1.9057343006134033, 1.693568468093872, 1.6291624307632446, 1.7845538854599, 1.651511549949646, 1.6892963647842407]}